<?xml version="1.0" encoding="utf-8" ?>
<dwsync>
<file name="bf4.jpg" server="csills02.com" local="131093039774616364" remote="131092932000000000" Dst="2" />
<file name="cod.jpg" server="csills02.com" local="131093039774616364" remote="131092932000000000" Dst="2" />
<file name="doom.jpg" server="csills02.com" local="131093039774616364" remote="131092932000000000" Dst="2" />
<file name="overwatch.jpg" server="csills02.com" local="131093039774716364" remote="131092932000000000" Dst="2" />
<file name="ffxv.jpg" server="csills02.com" local="131093039774616364" remote="131092932000000000" Dst="2" />
<file name="fallout4.jpg" server="csills02.com" local="131093039774616364" remote="131092932000000000" Dst="2" />
<file name="uncharted4.jpg" server="csills02.com" local="131093039774816365" remote="131092932000000000" Dst="2" />
<file name="ufc2.jpg" server="csills02.com" local="131093039774816365" remote="131092932000000000" Dst="2" />
<file name="thewitcher.jpg" server="csills02.com" local="131093039774816365" remote="131092932000000000" Dst="2" />
<file name="mkx.jpg" server="csills02.com" local="131093039774716364" remote="131092932000000000" Dst="2" />
<file name="Battlefield4PC.jpg" server="csills02.com" local="131093039774516364" remote="131093240400000000" Dst="2" />
<file name="MonsterHunters.jpg" server="csills02.com" local="131093039774716364" remote="131093240400000000" Dst="2" />
<file name="OPBurningBlood.jpg" server="csills02.com" local="131093039774716364" remote="131093240400000000" Dst="2" />
<file name="OverwatchPC.jpg" server="csills02.com" local="131093039774716364" remote="131093240400000000" Dst="2" />
<file name="OverwatchPS4.jpg" server="csills02.com" local="131093039774716364" remote="131093240400000000" Dst="2" />
<file name="PokemonMoon.jpg" server="csills02.com" local="131093039774816365" remote="131093240400000000" Dst="2" />
<file name="PokemonSun.jpg" server="csills02.com" local="131093039774816365" remote="131093240400000000" Dst="2" />
<file name="StarOcean.jpg" server="csills02.com" local="131093039774816365" remote="131093240400000000" Dst="2" />
</dwsync>