<?xml version="1.0" encoding="utf-8" ?>
<dwsync>
<file name="controller.png" server="csills02.com" local="131087270521507915" remote="131087169600000000" Dst="2" />
<file name="Fallout-3.png" server="csills02.com" local="131087270520857878" remote="131087169600000000" Dst="2" />
<file name="paypal.png" server="csills02.com" local="131093040325139556" remote="131092932000000000" Dst="2" />
<file name="Planet Logo.swf" server="csills02.com" local="131087270520867879" remote="131087164800000000" Dst="2" />
<file name="Planet Logo1.swf" server="csills02.com" local="131090093825955523" remote="131089989000000000" Dst="2" />
<file name="logo.png" server="csills02.com" local="131093040212819359" remote="131092932000000000" Dst="2" />
<file name="featured2.png" server="csills02.com" local="131093040212663358" remote="131092932000000000" Dst="2" />
<file name="featured3.png" server="csills02.com" local="131093040212663358" remote="131092932000000000" Dst="2" />
<file name="category1.png" server="csills02.com" local="131093040212351358" remote="131092932000000000" Dst="2" />
<file name="bestselling1.png" server="csills02.com" local="131093040212195358" remote="131092932000000000" Dst="2" />
</dwsync>