<?xml version="1.0" encoding="utf-8" ?>
<dwsync>
<file name="controller.png" server="csills02.com" local="131087270521507915" remote="131087169600000000" Dst="2" />
<file name="Fallout-3.png" server="csills02.com" local="131087270520857878" remote="131087169600000000" Dst="2" />
<file name="paypal.png" server="csills02.com" local="131097336589659164" remote="131097573000000000" Dst="2" />
<file name="Planet Logo.swf" server="csills02.com" local="131087270520867879" remote="131087164800000000" Dst="2" />
<file name="Planet Logo1.swf" server="csills02.com" local="131090093825955523" remote="131089989000000000" Dst="2" />
<file name="logo.png" server="csills02.com" local="131093040212819359" remote="131092932000000000" Dst="2" />
<file name="featured2.png" server="csills02.com" local="131093040212663358" remote="131092932000000000" Dst="2" />
<file name="featured3.png" server="csills02.com" local="131093040212663358" remote="131092932000000000" Dst="2" />
<file name="category1.png" server="csills02.com" local="131093040212351358" remote="131092932000000000" Dst="2" />
<file name="bestselling1.png" server="csills02.com" local="131093040212195358" remote="131092932000000000" Dst="2" />
<file name="featured.png" server="csills02.com" local="131093040212507358" remote="131093239800000000" Dst="2" />
<file name="battlefield4.png" server="csills02.com" local="131095434237097669" remote="131096399400000000" Dst="2" />
<file name="doom.png" server="csills02.com" local="131095434237117670" remote="131096399400000000" Dst="2" />
<file name="bravely.png" server="csills02.com" local="131096035818148702" remote="131096399400000000" Dst="2" />
<file name="cod.png" server="csills02.com" local="131095434237107669" remote="131096399400000000" Dst="2" />
<file name="fallout4.png" server="csills02.com" local="131095434237127671" remote="131096399400000000" Dst="2" />
<file name="ff.png" server="csills02.com" local="131095434237137671" remote="131096399400000000" Dst="2" />
<file name="fireemblem.png" server="csills02.com" local="131096035818158702" remote="131096399400000000" Dst="2" />
<file name="hyrule.png" server="csills02.com" local="131096035818168703" remote="131096399400000000" Dst="2" />
<file name="mario.png" server="csills02.com" local="131096035818198704" remote="131096399400000000" Dst="2" />
<file name="metroid.png" server="csills02.com" local="131096035818208705" remote="131096399400000000" Dst="2" />
<file name="monsterhunter.png" server="csills02.com" local="131095434237137671" remote="131096399400000000" Dst="2" />
<file name="mortalkombat.png" server="csills02.com" local="131095434237147672" remote="131096399400000000" Dst="2" />
<file name="onepiece.png" server="csills02.com" local="131095434237157672" remote="131096399400000000" Dst="2" />
<file name="overwatch.png" server="csills02.com" local="131095434237157672" remote="131096399400000000" Dst="2" />
<file name="pokemonmoon.png" server="csills02.com" local="131095434237167673" remote="131096399400000000" Dst="2" />
<file name="pokemonsun.png" server="csills02.com" local="131095434237287680" remote="131096399400000000" Dst="2" />
<file name="so5.png" server="csills02.com" local="131095434237297680" remote="131096399400000000" Dst="2" />
<file name="ufc2.png" server="csills02.com" local="131095434237307681" remote="131096399400000000" Dst="2" />
<file name="uncharted.png" server="csills02.com" local="131095434237337683" remote="131096399400000000" Dst="2" />
<file name="witcher.png" server="csills02.com" local="131095434237367684" remote="131096399400000000" Dst="2" />
</dwsync>