<?xml version="1.0" encoding="utf-8" ?>
<dwsync>
<file name="htmlTestPage.html" server="csills02.com" local="131087270520847878" remote="131087169600000000" Dst="2" />
<file name="phpTestPage.php" server="csills02.com" local="131087270521677925" remote="131087169600000000" Dst="2" />
<file name="README.md" server="csills02.com" local="131087270520317847" remote="131087170200000000" Dst="2" />
<file name="redirect.php" server="csills02.com" local="131089258399947048" remote="131089151400000000" Dst="2" />
<file name="aboutus.php" server="csills02.com" local="131092974176066747" remote="131091160800000000" Dst="2" />
<file name="cart.php" server="csills02.com" local="131087270520347849" remote="131087169600000000" Dst="2" />
<file name="config.php" server="csills02.com" local="131089420678718862" remote="131089312200000000" Dst="2" />
<file name="cart_update.php" server="csills02.com" local="131087270520347849" remote="131087169600000000" Dst="2" />
<file name="orderhistory.php" server="csills02.com" local="131092974203668326" remote="131092545000000000" Dst="2" />
<file name="view_cart.php" server="csills02.com" local="131089150030538672" remote="131089041600000000" Dst="2" />
<file name="shoppingpage.php" server="csills02.com" local="131089241892462873" remote="131089133400000000" Dst="2" />
<file name="home.php" server="csills02.com" local="131088663028297214" remote="131088991200000000" Dst="2" />
<file name="action.php" server="csills02.com" local="131089098874642722" remote="131088990600000000" Dst="2" />
<file name="fighting.php" server="csills02.com" local="131091626005753301" remote="131091517800000000" Dst="2" />
<file name="rpg.php" server="csills02.com" local="131088666368609027" remote="131088991200000000" Dst="2" />
<file name="shooter.php" server="csills02.com" local="131088666368709033" remote="131088991200000000" Dst="2" />
<file name="products.php" server="csills02.com" local="131089114335677043" remote="131089006200000000" Dst="2" />
<file name="send_form_email.php" server="csills02.com" local="131089133197375870" remote="131089024800000000" Dst="2" />
<file name="Planet Logo1.html" server="csills02.com" local="131090098934977081" remote="131089990800000000" Dst="2" />
<file name="error_log" server="csills02.com" local="131092974188457456" remote="131092519800000000" Dst="2" />
<file name="index.php" server="csills02.com" local="131093038096862979" remote="131092930200000000" Dst="2" />
</dwsync>