<?xml version="1.0" encoding="utf-8" ?>
<dwsync>
<file name="redirect.php" server="csills02.com" local="131089258399947048" remote="131089151400000000" Dst="2" />
<file name="aboutus.php" server="csills02.com" local="131099379932657330" remote="131099272200000000" Dst="2" />
<file name="cart.php" server="csills02.com" local="131087270520347849" remote="131087169600000000" Dst="2" />
<file name="config.php" server="csills02.com" local="131089420678718862" remote="131089312200000000" Dst="2" />
<file name="cart_update.php" server="csills02.com" local="131087270520347849" remote="131087169600000000" Dst="2" />
<file name="orderhistory.php" server="csills02.com" local="131099371409759848" remote="131099263200000000" Dst="2" />
<file name="view_cart.php" server="csills02.com" local="131093344624855847" remote="131093240400000000" Dst="2" />
<file name="shoppingpage.php" server="csills02.com" local="131093345901718879" remote="131093237400000000" Dst="2" />
<file name="home.php" server="csills02.com" local="131088663028297214" remote="131088991200000000" Dst="2" />
<file name="send_form_email.php" server="csills02.com" local="131102041959804203" remote="131101933800000000" Dst="2" />
<file name="Planet Logo1.html" server="csills02.com" local="131090098934977081" remote="131089990800000000" Dst="2" />
<file name="index.php" server="csills02.com" local="131099371556768257" remote="131099264400000000" Dst="2" />
<file name="3ds.php" server="csills02.com" local="131099378105382816" remote="131099271600000000" Dst="2" />
<file name="pc.php" server="csills02.com" local="131099379932037295" remote="131099272200000000" Dst="2" />
<file name="ps4.php" server="csills02.com" local="131099379931407259" remote="131099272200000000" Dst="2" />
<file name="xbox1.php" server="csills02.com" local="131099379930957233" remote="131099272200000000" Dst="2" />
<file name="rpg.php" server="csills02.com" local="131099379509173108" remote="131099272200000000" Dst="2" />
<file name="Database - Import into your Database.sql" server="csills02.com" local="131097678109307202" remote="131097571800000000" Dst="2" />
</dwsync>