<?xml version="1.0" encoding="utf-8" ?>
<dwsync>
<file name=".DS_Store" server="csills02.com" local="131087270521687926" remote="131087170200000000" Dst="2" />
<file name="LICENSE" server="csills02.com" local="131087270521697926" remote="131087170200000000" Dst="2" />
<file name="README" server="csills02.com" local="131087270521707927" remote="131087170200000000" Dst="2" />
<file name="captcha.php" server="csills02.com" local="131087270521717927" remote="131087170200000000" Dst="2" />
<file name="change.php" server="csills02.com" local="131087270521727928" remote="131087170200000000" Dst="2" />
<file name="database.sql" server="csills02.com" local="131087270521737928" remote="131087170200000000" Dst="2" />
<file name="error_log" server="csills02.com" local="131092974256921372" remote="131093240400000000" Dst="2" />
<file name="forgot.php" server="csills02.com" local="131087270521757930" remote="131087170200000000" Dst="2" />
<file name="login.js" server="csills02.com" local="131087270522257958" remote="131087170200000000" Dst="2" />
<file name="index.php" server="csills02.com" local="131087270522247958" remote="131087170200000000" Dst="2" />
<file name="login.php" server="csills02.com" local="131087270522257958" remote="131087170200000000" Dst="2" />
<file name="logout.php" server="csills02.com" local="131087270522267959" remote="131087170200000000" Dst="2" />
<file name="register.php" server="csills02.com" local="131087270522267959" remote="131087170200000000" Dst="2" />
<file name="reset.php" server="csills02.com" local="131087270522287960" remote="131087170200000000" Dst="2" />
<file name="sha1.js" server="csills02.com" local="131087270522317962" remote="131087170200000000" Dst="2" />
<file name="puls.css" server="csills02.com" local="131087270522267959" remote="131087170200000000" Dst="2" />
<file name="home.php" server="csills02.com" local="131092974257101382" remote="131088058800000000" Dst="2" />
</dwsync>