<?xml version="1.0" encoding="utf-8" ?>
<dwsync>
<file name=".DS_Store" server="csills02.com" local="131087270521877937" remote="131087170200000000" Dst="2" />
<file name=".htaccess" server="csills02.com" local="131087270521877937" remote="131087170200000000" Dst="2" />
<file name="check.php" server="csills02.com" local="131087270521937940" remote="131087164800000000" Dst="2" />
<file name="functions.php" server="csills02.com" local="131087270522217956" remote="131087170200000000" Dst="2" />
<file name="elephant.ttf" server="csills02.com" local="131087270521997943" remote="131087170200000000" Dst="2" />
<file name="index.php" server="csills02.com" local="131087270522217956" remote="131087170200000000" Dst="2" />
<file name="lang_EN.php" server="csills02.com" local="131087270522227957" remote="131087170200000000" Dst="2" />
<file name="config.php" server="csills02.com" local="131087303768669544" remote="131087205000000000" Dst="2" />
<file name="lang_NL.php" server="csills02.com" local="131087270522247958" remote="131087170200000000" Dst="2" />
<file name="error_log" server="csills02.com" local="131092974269312081" remote="131087193000000000" Dst="2" />
</dwsync>