<?xml version="1.0" encoding="utf-8" ?>
<dwsync>
<file name=".htaccess" server="csills02.com" local="131087270521777931" remote="131087170200000000" Dst="2" />
<file name=".DS_Store" server="csills02.com" local="131087270521767930" remote="131087170200000000" Dst="2" />
<file name="html_change_form.php" server="csills02.com" local="131087270521807932" remote="131087170200000000" Dst="2" />
<file name="html_change_result.php" server="csills02.com" local="131087270521817933" remote="131087170200000000" Dst="2" />
<file name="html_forgot.php" server="csills02.com" local="131087270521817933" remote="131087170200000000" Dst="2" />
<file name="html_logout.php" server="csills02.com" local="131087270521827934" remote="131087170200000000" Dst="2" />
<file name="html_login.php" server="csills02.com" local="131087270521827934" remote="131087170200000000" Dst="2" />
<file name="html_refresh.php" server="csills02.com" local="131087270521837934" remote="131087170200000000" Dst="2" />
<file name="html_register_result.php" server="csills02.com" local="131087270521847935" remote="131087170200000000" Dst="2" />
<file name="html_register_form.php" server="csills02.com" local="131087270521837934" remote="131087170200000000" Dst="2" />
<file name="html_reset_form.php" server="csills02.com" local="131087270521857935" remote="131087170200000000" Dst="2" />
<file name="index.php" server="csills02.com" local="131087270521867936" remote="131087170200000000" Dst="2" />
<file name="html_reset_result.php" server="csills02.com" local="131087270521857935" remote="131087170200000000" Dst="2" />
<file name="error_log" server="csills02.com" local="131087270521807932" remote="131088991200000000" Dst="2" />
</dwsync>